{
    "key": "group_618ea1dcd99ca",
    "title": "Configuración Page",
    "fields": [
        {
            "key": "field_618ea1ea39e14",
            "label": "Contenido flexible",
            "name": "contenido_flexible",
            "type": "flexible_content",
            "instructions": "",
            "required": 0,
            "conditional_logic": 0,
            "wrapper": {
                "width": "",
                "class": "",
                "id": ""
            },
            "layouts": {
                "layout_618ea27dd7954": {
                    "key": "layout_618ea27dd7954",
                    "name": "acordeon",
                    "label": "Acordeón",
                    "display": "block",
                    "sub_fields": [
                        {
                            "key": "field_618ea27f39e15",
                            "label": "Contenido",
                            "name": "contenido",
                            "type": "repeater",
                            "instructions": "",
                            "required": 1,
                            "conditional_logic": 0,
                            "wrapper": {
                                "width": "",
                                "class": "",
                                "id": ""
                            },
                            "collapsed": "",
                            "min": 0,
                            "max": 0,
                            "layout": "block",
                            "button_label": "",
                            "sub_fields": [
                                {
                                    "key": "field_618ea29139e17",
                                    "label": "Título",
                                    "name": "titulo",
                                    "type": "text",
                                    "instructions": "",
                                    "required": 1,
                                    "conditional_logic": 0,
                                    "wrapper": {
                                        "width": "",
                                        "class": "",
                                        "id": ""
                                    },
                                    "default_value": "",
                                    "placeholder": "",
                                    "prepend": "",
                                    "append": "",
                                    "maxlength": ""
                                },
                                {
                                    "key": "field_618ea29d39e18",
                                    "label": "Contenido",
                                    "name": "contenido",
                                    "type": "wysiwyg",
                                    "instructions": "",
                                    "required": 1,
                                    "conditional_logic": 0,
                                    "wrapper": {
                                        "width": "",
                                        "class": "",
                                        "id": ""
                                    },
                                    "default_value": "",
                                    "tabs": "all",
                                    "toolbar": "full",
                                    "media_upload": 0,
                                    "delay": 0
                                }
                            ]
                        }
                    ],
                    "min": "",
                    "max": ""
                }
            },
            "button_label": "Add Row",
            "min": "",
            "max": ""
        }
    ],
    "location": [
        [
            {
                "param": "post_template",
                "operator": "==",
                "value": "page.php"
            }
        ]
    ],
    "menu_order": 0,
    "position": "normal",
    "style": "default",
    "label_placement": "top",
    "instruction_placement": "label",
    "hide_on_screen": "",
    "active": true,
    "description": "",
    "modified": 1636739443
}