{
    "key": "group_618b1951524fe",
    "title": "Configuración Categoría Ciudades",
    "fields": [
        {
            "key": "field_618b19643b693",
            "label": "Ubicación",
            "name": "ubicacion",
            "type": "google_map",
            "instructions": "",
            "required": 1,
            "conditional_logic": 0,
            "wrapper": {
                "width": "",
                "class": "",
                "id": ""
            },
            "center_lat": "",
            "center_lng": "",
            "zoom": "",
            "height": ""
        }
    ],
    "location": [
        [
            {
                "param": "taxonomy",
                "operator": "==",
                "value": "ciudades"
            }
        ]
    ],
    "menu_order": 0,
    "position": "normal",
    "style": "default",
    "label_placement": "top",
    "instruction_placement": "label",
    "hide_on_screen": "",
    "active": true,
    "description": "",
    "modified": 1636506067
}